newcomb_species_name,species_inat,taxon_id,observation_id,photo_id,photo_url,license,annotations,observed_on,place_guess,num_photos_in_obs,total_obs_available,key_flower_type,key_plant_type,key_leaf_type
Lactuca scariola,Lactuca serriola,53107,55976635,89166741,https://inaturalist-open-data.s3.amazonaws.com/photos/89166741/original.jpg,cc-by-nc,[],2020-08-09,"Shady Canyon, Irvine, CA, US",3,50456,7 or More Regular Parts,Wildflowers - Alternate Leaves,Leaves Toothed or Lobed
Lactuca scariola,Lactuca serriola,53107,323723318,585802044,https://static.inaturalist.org/photos/585802044/original.jpg,,[],2022-06-13,"Sabugal, PT-GU, PT",1,50456,7 or More Regular Parts,Wildflowers - Alternate Leaves,Leaves Toothed or Lobed
Lactuca scariola,Lactuca serriola,53107,131520989,223832752,https://inaturalist-open-data.s3.amazonaws.com/photos/223832752/original.jpg,cc-by,"[{'uuid': '510a7c18-cb15-4f4b-baeb-8c26840efeb9', 'controlled_attribute_id': 12, 'controlled_value_id': 14, 'concatenated_attr_val': '12|14', 'user_id': 175837, 'votes': [], 'user': {'id': 175837, 'login': 'tsn', 'spam': False, 'suspended': False, 'created_at': '2016-02-03T23:50:12+00:00', 'login_autocomplete': 'tsn', 'login_exact': 'tsn', 'name': 'Tom Norton', 'name_autocomplete': 'Tom Norton', 'orcid': None, 'icon': 'https://static.inaturalist.org/attachments/users/icons/175837/thumb.jpg?1595453055', 'observations_count': 8020, 'identifications_count': 703001, 'journal_posts_count': 0, 'activity_count': 711021, 'species_count': 1076, 'annotated_observations_count': 245793, 'universal_search_rank': 8020, 'roles': [], 'site_id': 1, 'icon_url': 'https://static.inaturalist.org/attachments/users/icons/175837/medium.jpg?1595453055'}, 'vote_score': 0}]",2022-08-19,"New York Botanical Garden, New York, NY, US",3,50456,7 or More Regular Parts,Wildflowers - Alternate Leaves,Leaves Toothed or Lobed
Cornus stolonifera,Cornus sericea,53387,48050842,76460834,https://static.inaturalist.org/photos/76460834/original.jpg,,[],2020-05-31,"Spring Lake Park, East Rochester, NY, US",1,49436,4 Regular Parts,Shrubs,Leaves Entire
Cornus stolonifera,Cornus sericea,53387,17994537,27506638,https://inaturalist-open-data.s3.amazonaws.com/photos/27506638/original.jpg,cc-by-nc,[],2018-10-31,"New York County, US-NY, US",3,49436,4 Regular Parts,Shrubs,Leaves Entire
Cornus stolonifera,Cornus sericea,53387,61827252,98982370,https://inaturalist-open-data.s3.amazonaws.com/photos/98982370/original.jpg,cc-by-nc,[],2020-10-05,"Rue Bégin, Chicoutimi, QC, CA",4,49436,4 Regular Parts,Shrubs,Leaves Entire
Hieracium canadense,Hieracium umbellatum,55909,126104192,213925309,https://inaturalist-open-data.s3.amazonaws.com/photos/213925309/original.jpg,cc-by-nc,[],2022-07-13,"Заволжский р-н, Ярославль, Ярославская обл., Россия",1,15777,7 or More Regular Parts,Wildflowers - Alternate Leaves,Leaves Toothed or Lobed
Hieracium canadense,Hieracium umbellatum,55909,237603959,422891670,https://inaturalist-open-data.s3.amazonaws.com/photos/422891670/original.jpeg,cc-by-nc,[],2024-08-24,"30, Химик Снт, Московская обл., Россия, 143131",1,15777,7 or More Regular Parts,Wildflowers - Alternate Leaves,Leaves Toothed or Lobed
Hieracium canadense,Hieracium umbellatum,55909,178229477,310096295,https://inaturalist-open-data.s3.amazonaws.com/photos/310096295/original.jpg,cc-by,[],2023-08-11,"Seeadlerweg, Kiel, Schleswig-Holstein, DE",6,15777,7 or More Regular Parts,Wildflowers - Alternate Leaves,Leaves Toothed or Lobed
Specularia perfoliata,Triodanis perfoliata,64293,44975301,71302942,https://inaturalist-open-data.s3.amazonaws.com/photos/71302942/original.jpeg,cc-by-nc,[],2020-05-04,United States,4,13864,5 Regular Parts,Wildflowers - Alternate Leaves,Leaves Toothed or Lobed
Specularia perfoliata,Triodanis perfoliata,64293,247578410,442206907,https://inaturalist-open-data.s3.amazonaws.com/photos/442206907/original.jpeg,cc-by-nc,[],1988-05-28,"Ohio, US",16,13864,5 Regular Parts,Wildflowers - Alternate Leaves,Leaves Toothed or Lobed
Specularia perfoliata,Triodanis perfoliata,64293,25264602,39114124,https://inaturalist-open-data.s3.amazonaws.com/photos/39114124/original.jpg,cc-by-nc,[],2019-05-17,"9806 Autumn Path Ct, Fredericksburg, VA, US",1,13864,5 Regular Parts,Wildflowers - Alternate Leaves,Leaves Toothed or Lobed
Disporum lanuginosum,Prosartes lanuginosa,68913,234497042,416888165,https://static.inaturalist.org/photos/416888165/original.jpeg,,"[{'uuid': 'e24a47be-83c3-474d-8301-00f03b721010', 'controlled_attribute_id': 12, 'controlled_value_id': 14, 'concatenated_attr_val': '12|14', 'user_id': 1687565, 'votes': [], 'user': {'id': 1687565, 'login': 'ericschill', 'spam': False, 'suspended': False, 'created_at': '2019-04-28T02:05:15+00:00', 'login_autocomplete': 'ericschill', 'login_exact': 'ericschill', 'name': 'Eric Schill', 'name_autocomplete': 'Eric Schill', 'orcid': None, 'icon': 'https://static.inaturalist.org/attachments/users/icons/1687565/thumb.jpeg?1655594067', 'observations_count': 16467, 'identifications_count': 1979, 'journal_posts_count': 1, 'activity_count': 18447, 'species_count': 2952, 'annotated_observations_count': 454, 'universal_search_rank': 16467, 'roles': [], 'site_id': None, 'icon_url': 'https://static.inaturalist.org/attachments/users/icons/1687565/medium.jpeg?1655594067'}, 'vote_score': 0}, {'uuid': '3e2a8667-4d72-41ff-a659-21186404993d', 'controlled_attribute_id': 36, 'controlled_value_id': 38, 'concatenated_attr_val': '36|38', 'user_id': 1687565, 'votes': [], 'user': {'id': 1687565, 'login': 'ericschill', 'spam': False, 'suspended': False, 'created_at': '2019-04-28T02:05:15+00:00', 'login_autocomplete': 'ericschill', 'login_exact': 'ericschill', 'name': 'Eric Schill', 'name_autocomplete': 'Eric Schill', 'orcid': None, 'icon': 'https://static.inaturalist.org/attachments/users/icons/1687565/thumb.jpeg?1655594067', 'observations_count': 16467, 'identifications_count': 1979, 'journal_posts_count': 1, 'activity_count': 18447, 'species_count': 2952, 'annotated_observations_count': 454, 'universal_search_rank': 16467, 'roles': [], 'site_id': None, 'icon_url': 'https://static.inaturalist.org/attachments/users/icons/1687565/medium.jpeg?1655594067'}, 'vote_score': 0}]",2024-08-08,"Pisgah National Forest, Candler, NC, US",1,2639,6 Regular Parts,Wildflowers - Alternate Leaves,Leaves Entire
Disporum lanuginosum,Prosartes lanuginosa,68913,43494782,69004407,https://inaturalist-open-data.s3.amazonaws.com/photos/69004407/original.jpg,cc-by-nc,"[{'user_id': 1179956, 'concatenated_attr_val': '12|13', 'controlled_attribute_id': 12, 'votes': [], 'uuid': '21dc44a1-b1e5-46ba-89ee-6dce0a280f33', 'vote_score': 0, 'controlled_value_id': 13, 'user': {'id': 1179956, 'login': 'jdietrch', 'spam': False, 'suspended': False, 'created_at': '2018-09-02T21:29:34+00:00', 'login_autocomplete': 'jdietrch', 'login_exact': 'jdietrch', 'name': None, 'name_autocomplete': None, 'orcid': None, 'icon': None, 'observations_count': 1332, 'identifications_count': 10619, 'journal_posts_count': 0, 'activity_count': 11951, 'species_count': 1273, 'annotated_observations_count': 1098, 'universal_search_rank': 1332, 'roles': [], 'site_id': 1, 'icon_url': None}}]",2020-04-25,"Hamilton County, TN, USA",3,2639,6 Regular Parts,Wildflowers - Alternate Leaves,Leaves Entire
Disporum lanuginosum,Prosartes lanuginosa,68913,113047188,190999487,https://inaturalist-open-data.s3.amazonaws.com/photos/190999487/original.jpg,cc-by-nc,[],2022-04-23,"Union County, GA, USA",3,2639,6 Regular Parts,Wildflowers - Alternate Leaves,Leaves Entire
Centaurea maculosa,Centaurea stoebe,76214,139760081,239106401,https://inaturalist-open-data.s3.amazonaws.com/photos/239106401/original.jpg,cc-by-nc,[],2022-10-21,"Portland Ave, Minneapolis, MN, US",2,25256,5 Regular Parts,Wildflowers - Alternate Leaves,Leaves Divided
Centaurea maculosa,Centaurea stoebe,76214,173143195,300654310,https://static.inaturalist.org/photos/300654310/original.jpeg,,"[{'uuid': 'fd52d4ce-5f15-42a1-97b5-254ef2288ea6', 'controlled_attribute_id': 12, 'controlled_value_id': 13, 'concatenated_attr_val': '12|13', 'user_id': 4053058, 'votes': [], 'user': {'id': 4053058, 'login': 'asmimultani', 'spam': False, 'suspended': False, 'created_at': '2021-02-27T19:32:24+00:00', 'login_autocomplete': 'asmimultani', 'login_exact': 'asmimultani', 'name': None, 'name_autocomplete': None, 'orcid': None, 'icon': None, 'observations_count': 77, 'identifications_count': 13, 'journal_posts_count': 0, 'activity_count': 90, 'species_count': 59, 'annotated_observations_count': 4678, 'universal_search_rank': 77, 'roles': [], 'site_id': 5, 'icon_url': None}, 'vote_score': 0}]",2023-06-10,"West Lethbridge, Lethbridge, AB, Canada",1,25256,5 Regular Parts,Wildflowers - Alternate Leaves,Leaves Divided
Centaurea maculosa,Centaurea stoebe,76214,92039912,152329096,https://static.inaturalist.org/photos/152329096/original.jpg,,[],2021-08-14,"Old Toronto, Toronto, ON, Canada",3,25256,5 Regular Parts,Wildflowers - Alternate Leaves,Leaves Divided
Polygonum hydropiper,Persicaria hydropiper,78452,4462156,5380876,https://inaturalist-open-data.s3.amazonaws.com/photos/5380876/original.jpg,cc0,[],2016-08-31,"Illinois, US",3,5765,4 Regular Parts,Wildflowers - Alternate Leaves,Leaves Entire
Polygonum hydropiper,Persicaria hydropiper,78452,182002287,317243342,https://inaturalist-open-data.s3.amazonaws.com/photos/317243342/original.jpeg,cc-by-sa,[],2023-09-04,"Aylmer, Gatineau, QC, Canada",1,5765,4 Regular Parts,Wildflowers - Alternate Leaves,Leaves Entire
Polygonum hydropiper,Persicaria hydropiper,78452,30287112,47309291,https://inaturalist-open-data.s3.amazonaws.com/photos/47309291/original.jpg,cc-by-nc,[],2019-08-05,"115 Cityview Dr N, Guelph, ON, CA",2,5765,4 Regular Parts,Wildflowers - Alternate Leaves,Leaves Entire
Polygonum pensylvanicum,Persicaria pensylvanica,78455,325428356,589206756,https://static.inaturalist.org/photos/589206756/original.jpg,,[],2025-11-05,"Grayville, IL 62844, USA",1,4978,5 Regular Parts,Wildflowers - Alternate Leaves,Leaves Entire
Polygonum pensylvanicum,Persicaria pensylvanica,78455,242872158,433013722,https://inaturalist-open-data.s3.amazonaws.com/photos/433013722/original.jpeg,cc-by,"[{'user_id': 3135146, 'concatenated_attr_val': '12|13', 'controlled_attribute_id': 12, 'votes': [], 'uuid': '14582f58-fd73-498c-b8f7-3b02c6d4c074', 'vote_score': 0, 'controlled_value_id': 13, 'user': {'id': 3135146, 'login': 'iacomaner', 'spam': False, 'suspended': False, 'created_at': '2020-06-06T22:55:43+00:00', 'login_autocomplete': 'iacomaner', 'login_exact': 'iacomaner', 'name': '', 'name_autocomplete': '', 'orcid': None, 'icon': 'https://static.inaturalist.org/attachments/users/icons/3135146/thumb.jpeg?1637480868', 'observations_count': 22185, 'identifications_count': 32679, 'journal_posts_count': 1, 'activity_count': 54865, 'species_count': 2747, 'annotated_observations_count': 12512, 'universal_search_rank': 22185, 'roles': [], 'site_id': 1, 'icon_url': 'https://static.inaturalist.org/attachments/users/icons/3135146/medium.jpeg?1637480868'}}, {'user_id': 3135146, 'concatenated_attr_val': '36|38', 'controlled_attribute_id': 36, 'votes': [], 'uuid': '86d2b096-e6da-4bae-b6ae-65ddfd5e9605', 'vote_score': 0, 'controlled_value_id': 38, 'user': {'id': 3135146, 'login': 'iacomaner', 'spam': False, 'suspended': False, 'created_at': '2020-06-06T22:55:43+00:00', 'login_autocomplete': 'iacomaner', 'login_exact': 'iacomaner', 'name': '', 'name_autocomplete': '', 'orcid': None, 'icon': 'https://static.inaturalist.org/attachments/users/icons/3135146/thumb.jpeg?1637480868', 'observations_count': 22185, 'identifications_count': 32679, 'journal_posts_count': 1, 'activity_count': 54865, 'species_count': 2747, 'annotated_observations_count': 12512, 'universal_search_rank': 22185, 'roles': [], 'site_id': 1, 'icon_url': 'https://static.inaturalist.org/attachments/users/icons/3135146/medium.jpeg?1637480868'}}]",2024-09-19,"Independence, MO, USA",3,4978,5 Regular Parts,Wildflowers - Alternate Leaves,Leaves Entire
Polygonum pensylvanicum,Persicaria pensylvanica,78455,238474539,424700358,https://inaturalist-open-data.s3.amazonaws.com/photos/424700358/original.jpeg,cc-by-nc,[],2024-08-28,"Riverfront Crossings Park, Iowa City, IA, US",4,4978,5 Regular Parts,Wildflowers - Alternate Leaves,Leaves Entire
Rosa eglanteria,Rosa rubiginosa,78886,168112016,291303849,https://static.inaturalist.org/photos/291303849/original.jpeg,,[],2023-06-18,"San Fernando, O'Higgins, Chile",2,4511,5 Regular Parts,Shrubs,Leaves Divided
Rosa eglanteria,Rosa rubiginosa,78886,61854596,99029799,https://inaturalist-open-data.s3.amazonaws.com/photos/99029799/original.jpg,cc-by-nc,[],2020-10-05,"Курский р-н, Курская обл., Россия",4,4511,5 Regular Parts,Shrubs,Leaves Divided
Rosa eglanteria,Rosa rubiginosa,78886,123051387,208418085,https://inaturalist-open-data.s3.amazonaws.com/photos/208418085/original.jpeg,cc-by-sa,[],2022-06-23,"Canterbury 7580, New Zealand",1,4511,5 Regular Parts,Shrubs,Leaves Divided
Rumex orbiculatus,Rumex britannica,78900,310378416,560170508,https://inaturalist-open-data.s3.amazonaws.com/photos/560170508/original.jpg,cc-by-nc,[],2025-08-30,"Knickerbocker St, Madison, WI, US",4,484,Parts Indistinguishable,Wildflowers - Alternate Leaves,Leaves Entire
Rumex orbiculatus,Rumex britannica,78900,58154518,92821459,https://inaturalist-open-data.s3.amazonaws.com/photos/92821459/original.jpeg,cc-by-nc,[],2020-08-31,"Bayview Village, Toronto, ON, Canada",5,484,Parts Indistinguishable,Wildflowers - Alternate Leaves,Leaves Entire
Rumex orbiculatus,Rumex britannica,78900,178438383,310499933,https://inaturalist-open-data.s3.amazonaws.com/photos/310499933/original.jpg,cc-by-nc,[],2023-08-14,"Prince Albert National Park, Prince Albert National Park, SK, CA",2,484,Parts Indistinguishable,Wildflowers - Alternate Leaves,Leaves Entire
Hibiscus palustris,Hibiscus moscheutos,82317,89689232,148132069,https://inaturalist-open-data.s3.amazonaws.com/photos/148132069/original.jpg,cc-by-nc,[],2021-08-02,"Jefferson, Kentucky, United States",9,19293,5 Regular Parts,Wildflowers - Alternate Leaves,Leaves Toothed or Lobed
Hibiscus palustris,Hibiscus moscheutos,82317,30082593,46979272,https://static.inaturalist.org/photos/46979272/original.jpg,,"[{'uuid': '81dacfb8-21c9-4e2f-8f1b-ca519a7886ab', 'controlled_attribute_id': 12, 'controlled_value_id': 13, 'concatenated_attr_val': '12|13', 'user_id': 3735964, 'votes': [], 'user': {'id': 3735964, 'login': 'eleanor_macdonald', 'spam': False, 'suspended': False, 'created_at': '2020-10-11T21:38:21+00:00', 'login_autocomplete': 'eleanor_macdonald', 'login_exact': 'eleanor_macdonald', 'name': 'Eleanor MacDonald', 'name_autocomplete': 'Eleanor MacDonald', 'orcid': None, 'icon': 'https://static.inaturalist.org/attachments/users/icons/3735964/thumb.jpg?1603407948', 'observations_count': 1457, 'identifications_count': 158, 'journal_posts_count': 0, 'activity_count': 1615, 'species_count': 478, 'annotated_observations_count': 5334, 'universal_search_rank': 1457, 'roles': [], 'site_id': 1, 'icon_url': 'https://static.inaturalist.org/attachments/users/icons/3735964/medium.jpg?1603407948'}, 'vote_score': 0}]",2019-08-02,"9 Club Cir, Medway, OH, US",1,19293,5 Regular Parts,Wildflowers - Alternate Leaves,Leaves Toothed or Lobed
Hibiscus palustris,Hibiscus moscheutos,82317,47676321,75623983,https://inaturalist-open-data.s3.amazonaws.com/photos/75623983/original.jpg,cc-by-nc,[],2020-05-24,"Ft Pickens, Gulf Breeze, FL, US",2,19293,5 Regular Parts,Wildflowers - Alternate Leaves,Leaves Toothed or Lobed
Polygonatum biflorum,Polygonatum biflorum,85327,36899280,58403499,https://inaturalist-open-data.s3.amazonaws.com/photos/58403499/original.jpg,cc-by,"[{'uuid': '96688d02-4ac5-4baa-84af-7857334b7881', 'controlled_attribute_id': 12, 'controlled_value_id': 13, 'concatenated_attr_val': '12|13', 'user_id': 624851, 'votes': [], 'user': {'id': 624851, 'login': 'thammer', 'spam': False, 'suspended': False, 'created_at': '2017-09-11T22:49:45+00:00', 'login_autocomplete': 'thammer', 'login_exact': 'thammer', 'name': 'Tim Hammer', 'name_autocomplete': 'Tim Hammer', 'orcid': 'https://orcid.org/0000-0003-3816-7933', 'icon': 'https://static.inaturalist.org/attachments/users/icons/624851/thumb.jpg?1664185395', 'observations_count': 7335, 'identifications_count': 33849, 'journal_posts_count': 0, 'activity_count': 41184, 'species_count': 2222, 'annotated_observations_count': 13137, 'universal_search_rank': 7335, 'roles': ['curator'], 'site_id': 9, 'icon_url': 'https://static.inaturalist.org/attachments/users/icons/624851/medium.jpg?1664185395'}, 'vote_score': 0}]",2013-05-17,"Suffolk, VA, USA",1,13663,6 Regular Parts,Wildflowers - Alternate Leaves,Leaves Entire
Polygonatum biflorum,Polygonatum biflorum,85327,51163540,81272997,https://inaturalist-open-data.s3.amazonaws.com/photos/81272997/original.jpg,cc-by-nc,"[{'uuid': '254b5d9e-1812-4b5d-950c-6e523b31dcc9', 'controlled_attribute_id': 12, 'controlled_value_id': 13, 'concatenated_attr_val': '12|13', 'user_id': 461506, 'votes': [{'id': 2657115, 'vote_flag': False, 'vote_scope': None, 'user_id': 3908595, 'created_at': '2021-06-28T18:24:37.393Z', 'user': {'id': 3908595, 'login': 'rynxs', 'spam': False, 'suspended': False, 'created_at': '2020-12-21T04:30:31+00:00', 'login_autocomplete': 'rynxs', 'login_exact': 'rynxs', 'name': 'Ryan Sorrells', 'name_autocomplete': 'Ryan Sorrells', 'orcid': None, 'icon': 'https://static.inaturalist.org/attachments/users/icons/3908595/thumb.jpg?1690541051', 'observations_count': 26469, 'identifications_count': 380006, 'journal_posts_count': 4, 'activity_count': 406479, 'species_count': 5345, 'annotated_observations_count': 114, 'universal_search_rank': 26469, 'roles': ['curator'], 'site_id': 1, 'icon_url': 'https://static.inaturalist.org/attachments/users/icons/3908595/medium.jpg?1690541051'}}], 'user': {'id': 461506, 'login': 'megnd', 'spam': False, 'suspended': False, 'created_at': '2017-04-22T23:19:25+00:00', 'login_autocomplete': 'megnd', 'login_exact': 'megnd', 'name': '', 'name_autocomplete': '', 'orcid': None, 'icon': 'https://static.inaturalist.org/attachments/users/icons/461506/thumb.jpeg?1588511592', 'observations_count': 17359, 'identifications_count': 5000, 'journal_posts_count': 1, 'activity_count': 22360, 'species_count': 2536, 'annotated_observations_count': 9559, 'universal_search_rank': 17359, 'roles': [], 'site_id': 1, 'icon_url': 'https://static.inaturalist.org/attachments/users/icons/461506/medium.jpeg?1588511592'}, 'vote_score': -1}, {'uuid': '3668e028-8ccc-401a-852a-c91be604c773', 'controlled_attribute_id': 12, 'controlled_value_id': 14, 'concatenated_attr_val': '12|14', 'user_id': 3908595, 'votes': [], 'user': {'id': 3908595, 'login': 'rynxs', 'spam': False, 'suspended': False, 'created_at': '2020-12-21T04:30:31+00:00', 'login_autocomplete': 'rynxs', 'login_exact': 'rynxs', 'name': 'Ryan Sorrells', 'name_autocomplete': 'Ryan Sorrells', 'orcid': None, 'icon': 'https://static.inaturalist.org/attachments/users/icons/3908595/thumb.jpg?1690541051', 'observations_count': 26469, 'identifications_count': 380006, 'journal_posts_count': 4, 'activity_count': 406479, 'species_count': 5345, 'annotated_observations_count': 114, 'universal_search_rank': 26469, 'roles': ['curator'], 'site_id': 1, 'icon_url': 'https://static.inaturalist.org/attachments/users/icons/3908595/medium.jpg?1690541051'}, 'vote_score': 0}]",2020-06-27,"58521, Baldwin, ND, US",2,13663,6 Regular Parts,Wildflowers - Alternate Leaves,Leaves Entire
Polygonatum biflorum,Polygonatum biflorum,85327,14859795,22183612,https://inaturalist-open-data.s3.amazonaws.com/photos/22183612/original.jpeg,cc0,[],2018-07-28,"Blue Ridge Pkwy, Lyndhurst, VA 22952, USA",4,13663,6 Regular Parts,Wildflowers - Alternate Leaves,Leaves Entire
Andromeda glaucophylla,Andromeda polifolia,119892,154030116,266102709,https://inaturalist-open-data.s3.amazonaws.com/photos/266102709/original.jpeg,cc-by-nc-sa,[],2023-04-07,"Tauragės r. sav., Lietuva",1,14545,5 Regular Parts,Shrubs,Leaves Entire
Andromeda glaucophylla,Andromeda polifolia,119892,139324304,238275989,https://inaturalist-open-data.s3.amazonaws.com/photos/238275989/original.jpeg,cc-by-nc,"[{'uuid': 'fee3729b-ddf7-4222-a118-a86cff0fab66', 'controlled_attribute_id': 12, 'controlled_value_id': 15, 'concatenated_attr_val': '12|15', 'user_id': 5737793, 'votes': [], 'user': {'id': 5737793, 'login': 'rosaliaalpina', 'spam': False, 'suspended': False, 'created_at': '2022-05-28T08:56:02+00:00', 'login_autocomplete': 'rosaliaalpina', 'login_exact': 'rosaliaalpina', 'name': '', 'name_autocomplete': '', 'orcid': None, 'icon': 'https://static.inaturalist.org/attachments/users/icons/5737793/thumb.jpeg?1653728492', 'observations_count': 439, 'identifications_count': 112, 'journal_posts_count': 0, 'activity_count': 551, 'species_count': 323, 'annotated_observations_count': 62, 'universal_search_rank': 439, 'roles': [], 'site_id': 1, 'icon_url': 'https://static.inaturalist.org/attachments/users/icons/5737793/medium.jpeg?1653728492'}, 'vote_score': 0}]",2022-10-19,"79856 Hinterzarten, Deutschland",2,14545,5 Regular Parts,Shrubs,Leaves Entire
Andromeda glaucophylla,Andromeda polifolia,119892,174668269,303473733,https://inaturalist-open-data.s3.amazonaws.com/photos/303473733/original.jpg,cc-by-nc,[],2023-07-21,"Monongahela National Forest, Parsons, WV, US",1,14545,5 Regular Parts,Shrubs,Leaves Entire
Atriplex arenaria,Atriplex cristata,131549,307295821,554258335,https://inaturalist-open-data.s3.amazonaws.com/photos/554258335/original.jpg,cc-by-nc,[],2025-08-18,"East Hampton, NY, US",1,38,Parts Indistinguishable,Wildflowers - Alternate Leaves,Leaves Entire
Atriplex arenaria,Atriplex cristata,131549,175608726,305200554,https://inaturalist-open-data.s3.amazonaws.com/photos/305200554/original.jpeg,cc-by-nc,[],2023-07-28,"Madaket, Nantucket, MA 02554, USA",1,38,Parts Indistinguishable,Wildflowers - Alternate Leaves,Leaves Entire
Atriplex arenaria,Atriplex cristata,131549,314405561,567867132,https://static.inaturalist.org/photos/567867132/original.jpg,,[],2025-09-16,"Chatham, MA 02633, USA",4,38,Parts Indistinguishable,Wildflowers - Alternate Leaves,Leaves Entire
Limonium carolinianum,Limonium carolinianum,133293,55121380,87747312,https://inaturalist-open-data.s3.amazonaws.com/photos/87747312/original.jpeg,cc-by-nc,[],2020-08-01,"Suffolk, New York, United States",6,5321,5 Regular Parts,Wildflowers - Basal Leaves Only,Leaves Entire
Limonium carolinianum,Limonium carolinianum,133293,3900142,4582717,https://inaturalist-open-data.s3.amazonaws.com/photos/4582717/original.jpg,cc-by-nc,[],2016-08-16,"128 Bay Rd, Newmarket, NH, US",3,5321,5 Regular Parts,Wildflowers - Basal Leaves Only,Leaves Entire
Limonium carolinianum,Limonium carolinianum,133293,180909839,315230810,https://inaturalist-open-data.s3.amazonaws.com/photos/315230810/original.jpeg,cc-by-nc,[],2023-08-30,Island Beach State Park ,1,5321,5 Regular Parts,Wildflowers - Basal Leaves Only,Leaves Entire
Rudbeckia fulgida,Rudbeckia fulgida,142654,177208695,308171923,https://inaturalist-open-data.s3.amazonaws.com/photos/308171923/original.jpeg,cc-by-nc,[],2023-08-06,"Prince Edward, ON, Canada",4,2448,7 or More Regular Parts,Wildflowers - Alternate Leaves,Leaves Toothed or Lobed
Rudbeckia fulgida,Rudbeckia fulgida,142654,240602873,428679343,https://inaturalist-open-data.s3.amazonaws.com/photos/428679343/original.jpg,cc-by-nc,[],2024-09-07,"Bruce, CA-ON, CA",3,2448,7 or More Regular Parts,Wildflowers - Alternate Leaves,Leaves Toothed or Lobed
Rudbeckia fulgida,Rudbeckia fulgida,142654,55587991,88520825,https://inaturalist-open-data.s3.amazonaws.com/photos/88520825/original.jpeg,cc-by-nc,[],2020-08-05,"Prince Edward, Ontario, Canada",3,2448,7 or More Regular Parts,Wildflowers - Alternate Leaves,Leaves Toothed or Lobed
Cacalia suaveolens,Hasteola suaveolens,157470,27981612,43588317,https://inaturalist-open-data.s3.amazonaws.com/photos/43588317/original.jpg,cc-by-nc,[],2019-06-29,"Houston County, US-TN, US",3,774,Parts Indistinguishable,Wildflowers - Alternate Leaves,Leaves Toothed or Lobed
Cacalia suaveolens,Hasteola suaveolens,157470,298265806,537234395,https://inaturalist-open-data.s3.amazonaws.com/photos/537234395/original.jpg,cc-by-nc,"[{'uuid': '92f870aa-fb7d-425d-b3f1-c6afe64e63fa', 'controlled_attribute_id': 12, 'controlled_value_id': 15, 'concatenated_attr_val': '12|15', 'user_id': 9389555, 'votes': [], 'user': {'id': 9389555, 'login': 'greengrasse', 'spam': False, 'suspended': False, 'created_at': '2025-06-02T18:30:08+00:00', 'login_autocomplete': 'greengrasse', 'login_exact': 'greengrasse', 'name': 'Grace Fosselman', 'name_autocomplete': 'Grace Fosselman', 'orcid': None, 'icon': 'https://static.inaturalist.org/attachments/users/icons/9389555/3114db0a1ee03c19e5ce02fb2ba75aa4-thumb.jpg?1753228150', 'observations_count': 4742, 'identifications_count': 12466, 'journal_posts_count': 0, 'activity_count': 17208, 'species_count': 835, 'annotated_observations_count': 941, 'universal_search_rank': 4742, 'roles': [], 'site_id': 1, 'icon_url': 'https://static.inaturalist.org/attachments/users/icons/9389555/3114db0a1ee03c19e5ce02fb2ba75aa4-medium.jpg?1753228150'}, 'vote_score': 0}, {'uuid': '78081e12-04d2-4659-a174-ec1e074cc823', 'controlled_attribute_id': 36, 'controlled_value_id': 38, 'concatenated_attr_val': '36|38', 'user_id': 9389555, 'votes': [], 'user': {'id': 9389555, 'login': 'greengrasse', 'spam': False, 'suspended': False, 'created_at': '2025-06-02T18:30:08+00:00', 'login_autocomplete': 'greengrasse', 'login_exact': 'greengrasse', 'name': 'Grace Fosselman', 'name_autocomplete': 'Grace Fosselman', 'orcid': None, 'icon': 'https://static.inaturalist.org/attachments/users/icons/9389555/3114db0a1ee03c19e5ce02fb2ba75aa4-thumb.jpg?1753228150', 'observations_count': 4742, 'identifications_count': 12466, 'journal_posts_count': 0, 'activity_count': 17208, 'species_count': 835, 'annotated_observations_count': 941, 'universal_search_rank': 4742, 'roles': [], 'site_id': 1, 'icon_url': 'https://static.inaturalist.org/attachments/users/icons/9389555/3114db0a1ee03c19e5ce02fb2ba75aa4-medium.jpg?1753228150'}, 'vote_score': 0}]",2025-07-14,"Ravenswood, Chicago, IL, USA",3,774,Parts Indistinguishable,Wildflowers - Alternate Leaves,Leaves Toothed or Lobed
Cacalia suaveolens,Hasteola suaveolens,157470,178750379,311094639,https://inaturalist-open-data.s3.amazonaws.com/photos/311094639/original.jpeg,cc-by,[],2023-08-16,"Davis, WV 26260, USA",8,774,Parts Indistinguishable,Wildflowers - Alternate Leaves,Leaves Toothed or Lobed
Gerardia paupercula,Agalinis purpurea,158068,16706522,25203887,https://static.inaturalist.org/photos/25203887/original.jpg,,[],2018-09-08,"Miami-Dade County, FL, USA",3,4252,5 Regular Parts,Wildflowers - Opposite or Whorled Leaves,Leaves Entire
Gerardia paupercula,Agalinis purpurea,158068,132163634,225025444,https://inaturalist-open-data.s3.amazonaws.com/photos/225025444/original.jpeg,cc-by-nc,[],2022-08-23,"Gensburg-Markham Prairie Nature Preserve, Markham, IL, USA",2,4252,5 Regular Parts,Wildflowers - Opposite or Whorled Leaves,Leaves Entire
Gerardia paupercula,Agalinis purpurea,158068,59643041,95313206,https://static.inaturalist.org/photos/95313206/original.jpeg,,"[{'user_id': 19073, 'concatenated_attr_val': '12|13', 'controlled_attribute_id': 12, 'votes': [], 'uuid': '8f4e6caf-e5a9-4f0c-a0fc-d0e566f03a41', 'vote_score': 0, 'controlled_value_id': 13, 'user': {'id': 19073, 'login': 'choess', 'spam': False, 'suspended': False, 'created_at': '2013-07-13T18:27:48+00:00', 'login_autocomplete': 'choess', 'login_exact': 'choess', 'name': 'Chris Hoess', 'name_autocomplete': 'Chris Hoess', 'orcid': 'https://orcid.org/0009-0004-8592-4794', 'icon': 'https://static.inaturalist.org/attachments/users/icons/19073/thumb.jpg?1475537701', 'observations_count': 8764, 'identifications_count': 413452, 'journal_posts_count': 11, 'activity_count': 422227, 'species_count': 2019, 'annotated_observations_count': 460554, 'universal_search_rank': 8764, 'roles': ['curator'], 'site_id': 1, 'icon_url': 'https://static.inaturalist.org/attachments/users/icons/19073/medium.jpg?1475537701'}}, {'user_id': 19073, 'concatenated_attr_val': '12|14', 'controlled_attribute_id': 12, 'votes': [], 'uuid': 'a3c28358-dcb5-4b8c-af42-fe68b8688cea', 'vote_score': 0, 'controlled_value_id': 14, 'user': {'id': 19073, 'login': 'choess', 'spam': False, 'suspended': False, 'created_at': '2013-07-13T18:27:48+00:00', 'login_autocomplete': 'choess', 'login_exact': 'choess', 'name': 'Chris Hoess', 'name_autocomplete': 'Chris Hoess', 'orcid': 'https://orcid.org/0009-0004-8592-4794', 'icon': 'https://static.inaturalist.org/attachments/users/icons/19073/thumb.jpg?1475537701', 'observations_count': 8764, 'identifications_count': 413452, 'journal_posts_count': 11, 'activity_count': 422227, 'species_count': 2019, 'annotated_observations_count': 460554, 'universal_search_rank': 8764, 'roles': ['curator'], 'site_id': 1, 'icon_url': 'https://static.inaturalist.org/attachments/users/icons/19073/medium.jpg?1475537701'}}, {'user_id': 19073, 'concatenated_attr_val': '12|15', 'controlled_attribute_id': 12, 'votes': [], 'uuid': '9c92e215-f620-468a-b813-e75fce8bde70', 'vote_score': 0, 'controlled_value_id': 15, 'user': {'id': 19073, 'login': 'choess', 'spam': False, 'suspended': False, 'created_at': '2013-07-13T18:27:48+00:00', 'login_autocomplete': 'choess', 'login_exact': 'choess', 'name': 'Chris Hoess', 'name_autocomplete': 'Chris Hoess', 'orcid': 'https://orcid.org/0009-0004-8592-4794', 'icon': 'https://static.inaturalist.org/attachments/users/icons/19073/thumb.jpg?1475537701', 'observations_count': 8764, 'identifications_count': 413452, 'journal_posts_count': 11, 'activity_count': 422227, 'species_count': 2019, 'annotated_observations_count': 460554, 'universal_search_rank': 8764, 'roles': ['curator'], 'site_id': 1, 'icon_url': 'https://static.inaturalist.org/attachments/users/icons/19073/medium.jpg?1475537701'}}]",2020-09-12,"Garrison, MD 21117, USA",1,4252,5 Regular Parts,Wildflowers - Opposite or Whorled Leaves,Leaves Entire
Convolvulus spithamaeus,Calystegia spithamaea,159727,148139087,255044397,https://inaturalist-open-data.s3.amazonaws.com/photos/255044397/original.jpeg,cc-by-nc,[],2022-06-18,"Northumberland County, ON, Canada",1,1186,5 Regular Parts,Wildflowers - Alternate Leaves,Leaves Entire
Convolvulus spithamaeus,Calystegia spithamaea,159727,177431512,308591916,https://inaturalist-open-data.s3.amazonaws.com/photos/308591916/original.jpg,cc-by-nc,[],2023-08-08,"Treehaven UWSP, Gleason, WI, US",2,1186,5 Regular Parts,Wildflowers - Alternate Leaves,Leaves Entire
Convolvulus spithamaeus,Calystegia spithamaea,159727,122660654,207816373,https://inaturalist-open-data.s3.amazonaws.com/photos/207816373/original.jpg,cc-by-nc,"[{'user_id': 175837, 'concatenated_attr_val': '12|13', 'controlled_attribute_id': 12, 'votes': [], 'uuid': '190d149f-759a-4127-926b-c188ff75fdb0', 'vote_score': 0, 'controlled_value_id': 13, 'user': {'id': 175837, 'login': 'tsn', 'spam': False, 'suspended': False, 'created_at': '2016-02-03T23:50:12+00:00', 'login_autocomplete': 'tsn', 'login_exact': 'tsn', 'name': 'Tom Norton', 'name_autocomplete': 'Tom Norton', 'orcid': None, 'icon': 'https://static.inaturalist.org/attachments/users/icons/175837/thumb.jpg?1595453055', 'observations_count': 8020, 'identifications_count': 703001, 'journal_posts_count': 0, 'activity_count': 711021, 'species_count': 1076, 'annotated_observations_count': 245793, 'universal_search_rank': 8020, 'roles': [], 'site_id': 1, 'icon_url': 'https://static.inaturalist.org/attachments/users/icons/175837/medium.jpg?1595453055'}}]",2022-06-20,"Peterson Rd, Deerwood, MN, US",1,1186,5 Regular Parts,Wildflowers - Alternate Leaves,Leaves Entire
Sericocarpus Aster pilosusoides,Sericocarpus asteroides,168856,186618072,326166295,https://static.inaturalist.org/photos/326166295/original.jpg,,[],2023-10-07,"Pine Grove Church Rd, Eagle Springs, NC, US",3,1057,5 Regular Parts,Wildflowers - Alternate Leaves,Leaves Toothed or Lobed
Sericocarpus Aster pilosusoides,Sericocarpus asteroides,168856,249046397,445109911,https://inaturalist-open-data.s3.amazonaws.com/photos/445109911/original.jpeg,cc-by-nc,[],2024-10-24,"Baltimore County, MD, USA",2,1057,5 Regular Parts,Wildflowers - Alternate Leaves,Leaves Toothed or Lobed
Sericocarpus Aster pilosusoides,Sericocarpus asteroides,168856,170634172,296026402,https://inaturalist-open-data.s3.amazonaws.com/photos/296026402/original.jpeg,cc-by-nc,[],2023-07-02,"Ocean County, US-NJ, US",3,1057,5 Regular Parts,Wildflowers - Alternate Leaves,Leaves Toothed or Lobed
Thaspium barbinode,Thaspium barbinode,169669,71079777,115663401,https://inaturalist-open-data.s3.amazonaws.com/photos/115663401/original.jpeg,cc-by-nc,[],2020-08-30,"Allegany County, MD, USA",1,435,5 Regular Parts,Wildflowers - Alternate Leaves,Leaves Divided
Thaspium barbinode,Thaspium barbinode,169669,164528211,284680516,https://inaturalist-open-data.s3.amazonaws.com/photos/284680516/original.jpeg,cc-by-nc,[],2023-05-29,"Lakeview Heights, KY 40351, USA",1,435,5 Regular Parts,Wildflowers - Alternate Leaves,Leaves Divided
Thaspium barbinode,Thaspium barbinode,169669,154911531,267716887,https://inaturalist-open-data.s3.amazonaws.com/photos/267716887/original.jpeg,cc-by,[],2023-04-13,"Harrogate, TN 37752, USA",1,435,5 Regular Parts,Wildflowers - Alternate Leaves,Leaves Divided
Gaura biennis,Oenothera gaura,204370,86127250,141833835,https://static.inaturalist.org/photos/141833835/original.jpg,,[],2021-07-07,"Tulip Tree Dr, Murfreesboro, TN, US",1,2818,4 Regular Parts,Wildflowers - Alternate Leaves,Leaves Toothed or Lobed
Gaura biennis,Oenothera gaura,204370,186726926,326381410,https://static.inaturalist.org/photos/326381410/original.jpg,,"[{'uuid': '46a9d4ef-4954-4ad5-b7a8-41c96ff4c84f', 'controlled_attribute_id': 12, 'controlled_value_id': 13, 'concatenated_attr_val': '12|13', 'user_id': 780510, 'votes': [], 'user': {'id': 780510, 'login': 'margaretchatham', 'spam': False, 'suspended': False, 'created_at': '2018-03-04T14:35:21+00:00', 'login_autocomplete': 'margaretchatham', 'login_exact': 'margaretchatham', 'name': None, 'name_autocomplete': None, 'orcid': None, 'icon': None, 'observations_count': 3985, 'identifications_count': 31273, 'journal_posts_count': 0, 'activity_count': 35258, 'species_count': 922, 'annotated_observations_count': 7407, 'universal_search_rank': 3985, 'roles': [], 'site_id': 1, 'icon_url': None}, 'vote_score': 0}, {'uuid': '9ecd24d6-a52d-4d9a-9218-8f78f7a1dce8', 'controlled_attribute_id': 12, 'controlled_value_id': 15, 'concatenated_attr_val': '12|15', 'user_id': 780510, 'votes': [], 'user': {'id': 780510, 'login': 'margaretchatham', 'spam': False, 'suspended': False, 'created_at': '2018-03-04T14:35:21+00:00', 'login_autocomplete': 'margaretchatham', 'login_exact': 'margaretchatham', 'name': None, 'name_autocomplete': None, 'orcid': None, 'icon': None, 'observations_count': 3985, 'identifications_count': 31273, 'journal_posts_count': 0, 'activity_count': 35258, 'species_count': 922, 'annotated_observations_count': 7407, 'universal_search_rank': 3985, 'roles': [], 'site_id': 1, 'icon_url': None}, 'vote_score': 0}]",2023-10-08,"S Orchard Dr, Purcellville, VA, US",2,2818,4 Regular Parts,Wildflowers - Alternate Leaves,Leaves Toothed or Lobed
Gaura biennis,Oenothera gaura,204370,184753306,322542553,https://static.inaturalist.org/photos/322542553/original.jpg,,[],2023-09-24,"Santa Rosa Creek, Santa Rosa, CA, US",1,2818,4 Regular Parts,Wildflowers - Alternate Leaves,Leaves Toothed or Lobed
Listera australis,Neottia bifolia,209199,268141474,481948920,https://inaturalist-open-data.s3.amazonaws.com/photos/481948920/original.jpeg,cc-by-nc,"[{'uuid': '46d353ae-e527-4569-8379-69ed9bdb69cb', 'controlled_attribute_id': 12, 'controlled_value_id': 13, 'concatenated_attr_val': '12|13', 'user_id': 491170, 'votes': [], 'user': {'id': 491170, 'login': 'blazeclaw', 'spam': False, 'suspended': False, 'created_at': '2017-05-25T22:09:03+00:00', 'login_autocomplete': 'blazeclaw', 'login_exact': 'blazeclaw', 'name': 'Jared Shorma', 'name_autocomplete': 'Jared Shorma', 'orcid': None, 'icon': 'https://static.inaturalist.org/attachments/users/icons/491170/thumb.jpg?1696472322', 'observations_count': 83988, 'identifications_count': 16464, 'journal_posts_count': 4, 'activity_count': 100456, 'species_count': 11474, 'annotated_observations_count': 211, 'universal_search_rank': 83988, 'roles': ['curator'], 'site_id': 1, 'icon_url': 'https://static.inaturalist.org/attachments/users/icons/491170/medium.jpg?1696472322'}, 'vote_score': 0}, {'uuid': 'bce17297-58d0-424d-be6f-af66d3418d16', 'controlled_attribute_id': 12, 'controlled_value_id': 15, 'concatenated_attr_val': '12|15', 'user_id': 491170, 'votes': [], 'user': {'id': 491170, 'login': 'blazeclaw', 'spam': False, 'suspended': False, 'created_at': '2017-05-25T22:09:03+00:00', 'login_autocomplete': 'blazeclaw', 'login_exact': 'blazeclaw', 'name': 'Jared Shorma', 'name_autocomplete': 'Jared Shorma', 'orcid': None, 'icon': 'https://static.inaturalist.org/attachments/users/icons/491170/thumb.jpg?1696472322', 'observations_count': 83988, 'identifications_count': 16464, 'journal_posts_count': 4, 'activity_count': 100456, 'species_count': 11474, 'annotated_observations_count': 211, 'universal_search_rank': 83988, 'roles': ['curator'], 'site_id': 1, 'icon_url': 'https://static.inaturalist.org/attachments/users/icons/491170/medium.jpg?1696472322'}, 'vote_score': 0}, {'uuid': 'd6742cf3-8bb6-40a3-8ddb-394c5836c322', 'controlled_attribute_id': 36, 'controlled_value_id': 38, 'concatenated_attr_val': '36|38', 'user_id': 491170, 'votes': [], 'user': {'id': 491170, 'login': 'blazeclaw', 'spam': False, 'suspended': False, 'created_at': '2017-05-25T22:09:03+00:00', 'login_autocomplete': 'blazeclaw', 'login_exact': 'blazeclaw', 'name': 'Jared Shorma', 'name_autocomplete': 'Jared Shorma', 'orcid': None, 'icon': 'https://static.inaturalist.org/attachments/users/icons/491170/thumb.jpg?1696472322', 'observations_count': 83988, 'identifications_count': 16464, 'journal_posts_count': 4, 'activity_count': 100456, 'species_count': 11474, 'annotated_observations_count': 211, 'universal_search_rank': 83988, 'roles': ['curator'], 'site_id': 1, 'icon_url': 'https://static.inaturalist.org/attachments/users/icons/491170/medium.jpg?1696472322'}, 'vote_score': 0}]",2025-03-28,"Limestone County, AL, USA",1,1763,Irregular Flowers,Wildflowers - Opposite or Whorled Leaves,Leaves Entire
Listera australis,Neottia bifolia,209199,156138132,269950713,https://inaturalist-open-data.s3.amazonaws.com/photos/269950713/original.jpeg,cc-by-nc,[],2023-04-22,"Massachusetts, US",8,1763,Irregular Flowers,Wildflowers - Opposite or Whorled Leaves,Leaves Entire
Listera australis,Neottia bifolia,209199,156138133,269951049,https://inaturalist-open-data.s3.amazonaws.com/photos/269951049/original.jpg,cc-by-nc,[],2023-04-22,"Plymouth County, US-MA, US",15,1763,Irregular Flowers,Wildflowers - Opposite or Whorled Leaves,Leaves Entire
Hypericum virginicum,Hypericum fraseri,355624,29686909,46338927,https://inaturalist-open-data.s3.amazonaws.com/photos/46338927/original.jpg,cc-by-nc,[],2019-07-27,"York County, NB, Canada",4,2429,5 Regular Parts,Wildflowers - Opposite or Whorled Leaves,Leaves Entire
Hypericum virginicum,Hypericum fraseri,355624,176865188,307537485,https://inaturalist-open-data.s3.amazonaws.com/photos/307537485/original.jpeg,cc-by,"[{'user_id': 434504, 'concatenated_attr_val': '12|14', 'controlled_attribute_id': 12, 'votes': [], 'uuid': 'c1703db2-dcfd-4b4a-bdbd-1468de4b4957', 'vote_score': 0, 'controlled_value_id': 14, 'user': {'id': 434504, 'login': 'danders4', 'spam': False, 'suspended': False, 'created_at': '2017-03-27T15:48:25+00:00', 'login_autocomplete': 'danders4', 'login_exact': 'danders4', 'name': 'Derek S. Anderson', 'name_autocomplete': 'Derek S. Anderson', 'orcid': None, 'icon': 'https://static.inaturalist.org/attachments/users/icons/434504/thumb.jpg?1490630647', 'observations_count': 6386, 'identifications_count': 38258, 'journal_posts_count': 0, 'activity_count': 44644, 'species_count': 1530, 'annotated_observations_count': 14536, 'universal_search_rank': 6386, 'roles': ['curator'], 'site_id': 1, 'icon_url': 'https://static.inaturalist.org/attachments/users/icons/434504/medium.jpg?1490630647'}}]",2023-08-05,"Morse Township, MN 55731, USA",1,2429,5 Regular Parts,Wildflowers - Opposite or Whorled Leaves,Leaves Entire
Hypericum virginicum,Hypericum fraseri,355624,176632450,307107760,https://static.inaturalist.org/photos/307107760/original.jpg,,[],2023-07-31,"Malberg Lake, Ely, MN, US",3,2429,5 Regular Parts,Wildflowers - Opposite or Whorled Leaves,Leaves Entire
Gerardia laevigata,Aureolaria levigata,504522,321684590,581796699,https://inaturalist-open-data.s3.amazonaws.com/photos/581796699/original.jpg,cc-by-nc,[],2025-09-07,"Lawrence Trail, Central, SC, US",1,260,5 Regular Parts,Wildflowers - Opposite or Whorled Leaves,Leaves Toothed or Lobed
Gerardia laevigata,Aureolaria levigata,504522,240536620,428557969,https://static.inaturalist.org/photos/428557969/original.jpeg,,[],2024-09-08,"Kentucky, US",4,260,5 Regular Parts,Wildflowers - Opposite or Whorled Leaves,Leaves Toothed or Lobed
Gerardia laevigata,Aureolaria levigata,504522,58907561,94081125,https://inaturalist-open-data.s3.amazonaws.com/photos/94081125/original.jpg,cc-by-nc,"[{'uuid': 'f41e44b1-4d39-4f42-945b-a5dc895be583', 'controlled_attribute_id': 12, 'controlled_value_id': 13, 'concatenated_attr_val': '12|13', 'user_id': 434305, 'votes': [], 'user': {'id': 434305, 'login': 'alex_abair', 'spam': False, 'suspended': False, 'created_at': '2017-03-27T10:55:16+00:00', 'login_autocomplete': 'alex_abair', 'login_exact': 'alex_abair', 'name': 'Alex Abair', 'name_autocomplete': 'Alex Abair', 'orcid': None, 'icon': 'https://static.inaturalist.org/attachments/users/icons/434305/thumb.jpg?1701881809', 'observations_count': 12318, 'identifications_count': 272551, 'journal_posts_count': 5, 'activity_count': 284874, 'species_count': 3998, 'annotated_observations_count': 55771, 'universal_search_rank': 12318, 'roles': ['curator'], 'site_id': 1, 'icon_url': 'https://static.inaturalist.org/attachments/users/icons/434305/medium.jpg?1701881809'}, 'vote_score': 0}]",2020-09-07,"Shenandoah National Park, Elkton, VA, US",2,260,5 Regular Parts,Wildflowers - Opposite or Whorled Leaves,Leaves Toothed or Lobed
Lychnis flos-cuculi,Silene flos-cuculi,740984,116739593,197080233,https://inaturalist-open-data.s3.amazonaws.com/photos/197080233/original.jpeg,cc-by,[],2022-05-12,"Bas-Rhin, Alsace, France",2,34995,5 Regular Parts,Wildflowers - Opposite or Whorled Leaves,Leaves Entire
Lychnis flos-cuculi,Silene flos-cuculi,740984,282986290,508454521,https://inaturalist-open-data.s3.amazonaws.com/photos/508454521/original.jpg,cc-by,[],2025-05-21,"Berwick, NS, CA",2,34995,5 Regular Parts,Wildflowers - Opposite or Whorled Leaves,Leaves Entire
Lychnis flos-cuculi,Silene flos-cuculi,740984,226767302,402211547,https://inaturalist-open-data.s3.amazonaws.com/photos/402211547/original.jpeg,cc-by-nc,[],2024-07-02,Juneau,1,34995,5 Regular Parts,Wildflowers - Opposite or Whorled Leaves,Leaves Entire
Cynoglossum virginianum,Andersonglossum virginianum,769248,113978931,192511437,https://inaturalist-open-data.s3.amazonaws.com/photos/192511437/original.jpg,cc-by-nc,[],2022-04-30,"Ball's Bluff Battlefield Regional Park, Leesburg, VA, US",3,10961,5 Regular Parts,Wildflowers - Alternate Leaves,Leaves Entire
Cynoglossum virginianum,Andersonglossum virginianum,769248,74100842,121070164,https://inaturalist-open-data.s3.amazonaws.com/photos/121070164/original.jpg,cc-by-nc,[],2021-04-15,"Jackson, TN, US",7,10961,5 Regular Parts,Wildflowers - Alternate Leaves,Leaves Entire
Cynoglossum virginianum,Andersonglossum virginianum,769248,41603491,65999050,https://static.inaturalist.org/photos/65999050/original.jpg,,[],2020-04-07,"The University of North Carolina at Chapel Hill, Carrboro, NC, US",1,10961,5 Regular Parts,Wildflowers - Alternate Leaves,Leaves Entire
Arenaria groenlandica,Mononeuria groenlandica,836799,28572055,44549161,https://inaturalist-open-data.s3.amazonaws.com/photos/44549161/original.jpg,cc-by-nc,[],2019-07-09,"Coos County, US-NH, Appalachian National Scenic Trail, US",1,1596,5 Regular Parts,Wildflowers - Opposite or Whorled Leaves,Leaves Entire
Arenaria groenlandica,Mononeuria groenlandica,836799,51153659,81256971,https://inaturalist-open-data.s3.amazonaws.com/photos/81256971/original.jpg,cc0,[],2020-06-27,"New Hampshire, Appalachian National Scenic Trail, US",1,1596,5 Regular Parts,Wildflowers - Opposite or Whorled Leaves,Leaves Entire
Arenaria groenlandica,Mononeuria groenlandica,836799,14605546,21773725,https://inaturalist-open-data.s3.amazonaws.com/photos/21773725/original.jpeg,cc-by,[],2018-07-21,"Vermont, US",1,1596,5 Regular Parts,Wildflowers - Opposite or Whorled Leaves,Leaves Entire
Polygonum cuspidatum,Reynoutria japonica,914922,43577619,69137783,https://inaturalist-open-data.s3.amazonaws.com/photos/69137783/original.jpg,cc-by-nc,[],2020-04-26,"Astoria, 39012 Merano BZ, Italien",3,53991,5 Regular Parts,Wildflowers - Alternate Leaves,Leaves Entire
Polygonum cuspidatum,Reynoutria japonica,914922,239513707,426589430,https://inaturalist-open-data.s3.amazonaws.com/photos/426589430/original.jpeg,cc-by-nc,[],2024-09-02,"SR-105, South Bend, WA, US",2,53991,5 Regular Parts,Wildflowers - Alternate Leaves,Leaves Entire
Polygonum cuspidatum,Reynoutria japonica,914922,100337750,167449809,https://inaturalist-open-data.s3.amazonaws.com/photos/167449809/original.jpg,cc-by-nc,"[{'uuid': 'af2b06c8-0e44-4714-9383-06d34ae4bcfe', 'controlled_attribute_id': 12, 'controlled_value_id': 13, 'concatenated_attr_val': '12|13', 'user_id': 2064104, 'votes': [], 'user': {'id': 2064104, 'login': 'jbdexplores', 'spam': False, 'suspended': False, 'created_at': '2019-07-28T20:47:53+00:00', 'login_autocomplete': 'jbdexplores', 'login_exact': 'jbdexplores', 'name': None, 'name_autocomplete': None, 'orcid': None, 'icon': 'https://static.inaturalist.org/attachments/users/icons/2064104/thumb.jpeg?1688877538', 'observations_count': 1371, 'identifications_count': 3790, 'journal_posts_count': 0, 'activity_count': 5161, 'species_count': 728, 'annotated_observations_count': 1570, 'universal_search_rank': 1371, 'roles': [], 'site_id': 1, 'icon_url': 'https://static.inaturalist.org/attachments/users/icons/2064104/medium.jpeg?1688877538'}, 'vote_score': 0}]",2013-08-25,"Fern Avenue, Evansburg SP, Collegeville, PA 19426, USA",2,53991,5 Regular Parts,Wildflowers - Alternate Leaves,Leaves Entire
Viola pallens,Viola minuscula,1392347,3311966,3827841,https://inaturalist-open-data.s3.amazonaws.com/photos/3827841/original.jpg,cc-by-nc,[],2016-05-20,"Prince Edward Island National Park of Canada, , PE, CA",1,1448,Irregular Flowers,Wildflowers - Basal Leaves Only,Leaves Toothed or Lobed
Viola pallens,Viola minuscula,1392347,44395508,70388395,https://inaturalist-open-data.s3.amazonaws.com/photos/70388395/original.jpg,cc-by-nc,[],2020-04-30,"Carlisle, MA 01741, USA",2,1448,Irregular Flowers,Wildflowers - Basal Leaves Only,Leaves Toothed or Lobed
Viola pallens,Viola minuscula,1392347,74917770,122504954,https://inaturalist-open-data.s3.amazonaws.com/photos/122504954/original.jpeg,cc-by-nc,[],2021-04-22,"Pennsylvania, US",4,1448,Irregular Flowers,Wildflowers - Basal Leaves Only,Leaves Toothed or Lobed
